Report,Label,Printed title / caption,Section no.,Section title,Subsection no.,Subsection title,Printed page,Rows (data),Columns,Domain sheet,Domain,Source note as printed,Export line no.
BARMM,(unlabelled),# 1 Executive Summary,1,Executive Summary,,,4.0,0,7,D01,Executive summary and headline panels,,182
BARMM,(unlabelled),"| 84local government units infour jurisdictions | | 3,137,511 residents, 2024 Census — 55.1% of the 1 July 2024 BARMM-with-Sulu total; 69.0% of current BARMM | | 1,735 current barangays | | 756registered health facilitieson the registry basis |",1,Executive Summary,,,4.0,0,7,D04,"First contact, facilities and catchment",,188
BARMM,EXHIBIT 1,"Four jurisdictions, four distinct constraints, three shared findings",1,Executive Summary,,Eight findings,4.0,5,4,D02,"Evidence base, scope and method",,220
BARMM,TABLE 1,The four volumes at a glance,2,"Scope, Evidence and Method",,"What this consolidation is, and what it is not",9.0,5,6,D02,"Evidence base, scope and method",,267
BARMM,TABLE 2,The evidence layers and what each can carry across four jurisdictions,2,"Scope, Evidence and Method",,"The evidence layers, consolidated",9.0,5,5,D02,"Evidence base, scope and method",,284
BARMM,EXHIBIT 2,The regional dashboard: what each jurisdiction can and cannot measure,3,"Four Jurisdictions, Four Constraints",,,11.0,16,6,D02,"Evidence base, scope and method",,319
BARMM,TABLE 3,"What the evidence establishes, and does not establish, about disease burden",4,Stage One — The Illness,,What the record does not yet support on mortality,13.0,6,3,D03,Disease burden and service coverage,,353
BARMM,EXHIBIT 3,"Adults risk-assessed under PhilPEN, by jurisdiction",4,Stage One — The Illness,,The non-communicable disease loop,13.0,4,5,D03,Disease burden and service coverage,,377
BARMM,EXHIBIT 4,The first-contact coverage gradient: 11 per cent to 100 per cent,5,Stage Two — First Contact,,The coverage gradient,16.0,4,6,D04,"First contact, facilities and catchment",,409
BARMM,TABLE 4,"Rural health units against the 1:20,000 planning target",5,Stage Two — First Contact,,"The 1:20,000 standard is not a facility standard",16.0,5,6,D04,"First contact, facilities and catchment",,425
BARMM,EXHIBIT 5,"Cold chain: 115 functional, 353 not stated, out of 836 records",5,Stage Two — First Contact,,The cold chain is not yet assessable from the record,16.0,5,6,D05,Cold chain and commodities,,444
BARMM,TABLE 5,"PhilHealth-accredited health care institutions, BARMM by province",6,Stage Three — Payment,,The perimeter,18.0,12,10,D06,"Payment, PhilHealth and financing",,471
BARMM,TABLE 6,"The PhilHealth Konsulta return, and its three arithmetic failures",6,Stage Three — Payment,,The throughput not yet computable,18.0,9,6,D06,"Payment, PhilHealth and financing",,499
BARMM,TABLE 7,Licensed inpatient capacity across the four jurisdictions,7,Stage Four — Referral,,The inpatient stock,21.0,5,8,D07,Referral and inpatient capacity,,532
BARMM,EXHIBIT 6,The referral measurement gap: zero observations across 57 reporting units,7,Stage Four — Referral,,The referral measurement gap,21.0,5,5,D07,Referral and inpatient capacity,,565
BARMM,TABLE 8,The condition of routine reporting: 68 assessed units,8,Stage Five — Follow-Up and the Record,,The FHSIS apparatus,24.0,13,6,D08,"Routine reporting, FHSIS and civil registration",,588
BARMM,EXHIBIT 7,Five divergences between the administrative record and independent measurement,9,The Reconciliation,,,26.0,5,4,D09,Reconciliation and divergences,,631
BARMM,TABLE 9,"The parser and build issues, by jurisdiction",10,The Evidence Pipeline,,A catalogue of data-build issues,28.0,7,4,D02,"Evidence base, scope and method",,660
BARMM,TABLE 10,Legal obligations engaged by the consolidated findings,11,Governance and Legal Framework,,,30.0,9,4,D10,Governance and legal framework,,691
BARMM,EXHIBIT 8,Sequencing: what the Ministry must settle before anything else can be sized,12,Priorities: sequencing the Ministry’s own decisions,,,32.0,7,5,D11,Priorities and sequencing,,736
BARMM,EXHIBIT 9,Regional volumetrics for the two-year programme,13,"Two-Year Investment Logic, 2026–2028",,Regional volumetrics,33.0,13,3,D12,Investment logic and volumetrics,,761
BARMM,TABLE 11,"The two-year programme: volumetrics, sequencing and financing route",13,"Two-Year Investment Logic, 2026–2028",,The programme,33.0,11,5,D12,Investment logic and volumetrics,,784
BARMM,TABLE 12,Regional monitoring indicators,14,Monitoring Framework,,,35.0,14,5,D13,Monitoring indicators,,815
BARMM,ANNEX A,# A Annex A — Jurisdiction master table,A,Annex A — Jurisdiction master table,,,28.0,5,16,D14,"Annexes, master tables and gap registers",,918
BARMM,ANNEX B,"Each of the four volumes carries its own validation programme, structured for completion within ninety days of adoption by the responsible health board, and none requires capital expenditure. The table consolidates the twenty-nine tasks in those four programmes into nineteen, and separates what the jurisdictions owe from what the Ministry owes. Ten of the nineteen require Ministry initiation or coordination; those are the rows prefixed M, and the four capital programmes are contingent on them.",B,Annex B — Consolidated ninety-day programme,,,39.0,19,6,D14,"Annexes, master tables and gap registers",,934
BARMM,ANNEX C,"Sixty items are recorded across the four volumes’ own gap registers. The fourteen below are those that recur in two or more jurisdictions, or that a single jurisdiction identifies as decisive. They are ordered by consequence. Twelve of the fourteen are documents retrievable by written request; two require field collection; none requires a new research design.",C,Annex C — Regional evidence gap register,,,41.0,14,4,D14,"Annexes, master tables and gap registers",,964
BARMM,ANNEX D,"The four volumes were built sequentially and each corrected findings in its predecessors. Eleven divergences remain unresolved between them. They are recorded here rather than adjudicated, because resolving them requires a source the consolidation does not hold. Item 2 is load-bearing: it determines whether any jurisdiction in the series can state its leading causes of death.",D,Annex D — Divergences between the four volumes,,,42.0,11,5,D14,"Annexes, master tables and gap registers",,989
LDS,(unlabelled),# 1 Executive Summary,1,Executive Summary,,,4.0,0,7,D01,Executive summary and headline panels,,190
LDS,(unlabelled),| 11licensed hospitals |,1,Executive Summary,,,4.0,0,7,D07,Referral and inpatient capacity,,202
LDS,EXHIBIT 1,"The five stages, and what fails at each one",1,Executive Summary,,Six findings,4.0,5,4,D01,Executive summary and headline panels,"Note. Each claim is evidenced in the section indicated. Adapted from Philippine Statistics Authority (2025c); Philippine Statistics Authority and ICF (2023); Department of Health (n.d.-a, 2020b, 2022); Philippine Health Insurance Corporation (2024); World Bank (2019); and International Organization for Migration (2026a).",241
LDS,TABLE 2,Completion of required worksheet outputs across the cohort,2,"Program, Scope, Evidence and Method",,,8.0,4,4,D02,"Evidence base, scope and method",,274
LDS,TABLE 1,The five evidence layers and what each can carry,2,"Program, Scope, Evidence and Method",2.2,The five evidence layers,8.0,5,5,D02,"Evidence base, scope and method",,292
LDS,(unlabelled),"The 407 cleaned service-location records filed by fifteen local government units, resolved into three components. Source: EBDM worksheet package, 20260629.",2,"Program, Scope, Evidence and Method",2.4,From the Executive Workshop on Evidence-based Decision Making (BRIGHT BARMM),9.0,0,2,D02,"Evidence base, scope and method",,320
LDS,TABLE 2,"Leading causes of morbidity and mortality, Lanao del Sur",3,Stage One — The Illness,3.1,The provincial cause profile,11.0,10,4,D03,Disease burden and service coverage,"Note. Adapted from World Bank (2019, Table 41, p. 113), reporting Department of Health–ARMM data. Bold entries are non-communicable or trauma causes. No year is stated for the underlying data; the source notes that collection took place during the conflict period, and the profile should be treated as circa 2016–2018.",340
LDS,EXHIBIT 2,Child deaths in BARMM fall after the first month rather than during it,3,Stage One — The Illness,3.2,The child-survival signature,12.0,0,2,D03,Disease burden and service coverage,"Note. Deaths per 1,000 live births. Adapted from Philippine Statistics Authority and ICF (2023, Tables 8.1 and 8.3). The figures are historical 2022 regional estimates: BARMM rates use a ten-year reference period, while national comparators use five years. Under-five mortality was 28 per 1,000. In the published tables, 98 children and 188 births are weighted denominators; 180 children and 345 births are the corresponding unweighted cases. The latest 2025 NDHS key indicators do not provide an updated regional child-mortality series.",372
LDS,EXHIBIT 4,"The measles chain: a survey finding, an outbreak, and thirteen deaths",3,Stage One — The Illness,3.4,The 2023–2024 measles outbreak,15.0,8,4,D03,Disease burden and service coverage,"Note. Adapted from Philippine Statistics Authority and ICF (2023, Table 10.4.2); Department of Health (n.d.-a); UNICEF Philippines (2024); and Bangsamoro Information Office (2024). The Provincial Health Officer II of Lanao del Sur is quoted attributing the outbreak to “the decline of our immunization rate here in Lanao del Sur” (Bangsamoro Information Office, 2024). The Regional Darul Ifta’ issued a fatwa declaring the vaccines halal — a documented and replicable demand-side intervention.",416
LDS,(unlabelled),"Facility counts and travel times answer different questions, and the province needs both. A registration is not a building, a building within reach is not an open service, and an open service is not necessarily ready to treat the patient in front of it. The multimodal accessibility model of 8 August 2026 separates these questions for the first time. Its central result is that physical proximity is not, on the assumptions used, the constraint that binds for most of Lanao del Sur. Section 4.3 sets out a consistency test that qualifies how far that result can be carried.",4,"Primary-Care Access: physical, effective and registered",4.0,Physical and effective access: what the model establishes,17.0,0,5,D04,"First contact, facilities and catchment","Note. Adapted from the Lanao del Sur multimodal and effective primary-care accessibility model (International Organization for Migration, 2026b). Population uses the GeoRisk/PSA 2020 modeled base of 1,195,518 across 1,159 demand nodes against 184 barangay health station and rural health unit supply points. The supply set requires reconciliation: the project-held facility register carries 128 barangay health stations and 44 rural health units, or 172 supply points, and the derivation of the further 12 used by the model is not documented in the material reviewed. The 2024 equivalent of the physical gap is 132,217 by proportional scaling to 1,368,137; it is not a barangay-level 2024 measurement.",450
LDS,TABLE A,The modeled gap does not vary with facility supply,4,"Primary-Care Access: physical, effective and registered",4.3,A consistency test of the modeled result,20.0,3,3,D04,"First contact, facilities and catchment","Note. Computed for this report across all 40 local government units, from the central 30-minute multimodal scenario (International Organization for Migration, 2026b) against the project-held facility register and the DOH GIDA barangay register (Department of Health, 2022). A facility-driven access result would show a positive association with barangays per supply point; the observed association is negative on both measures. The strongest association in the set is with geographic isolation.",500
LDS,(unlabelled),"Physical reach is a necessary condition, not a sufficient one. The model applies a readiness credit to a supply point only where the workshop record provides a direct municipality-and-barangay match and at least half of the planned readiness dimensions were observed — service inventory, workforce, equipment, cold chain, PhilHealth status and referral turnaround. Fifty-nine supply points have a direct match; fifty-seven meet the credit threshold.",4,"Primary-Care Access: physical, effective and registered",4.4,"Effective access, and the population the province cannot yet assess",22.0,0,7,D07,Referral and inpatient capacity,Note. Adapted from International Organization for Migration (2026b). Municipality profiles inform prioritization but do not impute facility-level credit.,529
LDS,(unlabelled),"## 4.5 What the model assumes, and what it cannot see",4,"Primary-Care Access: physical, effective and registered",4.5,"What the model assumes, and what it cannot see",22.0,0,2,D04,"First contact, facilities and catchment",Note. Adapted from International Organization for Migration (2026b). Model outputs are planning estimates and screening signals. They identify where verification and investment must begin; they do not authorize capital construction.,543
LDS,(unlabelled),"Section 17 of the Local Government Code devolves primary health care to the municipality, and national facility planning carries an expectation of one barangay health station per barangay. The PHFDP 2020 baseline measured the then-ARMM/BARMM footprint at 650 stations against 2,535 barangays, a ratio of 0.3 and a historical gap of 1,885 stations (Department of Health, 2020b, Table 6). This is a dated planning baseline, not the current 2026 regional denominator. On current PSA geography Lanao del Sur has 1,164 barangays; the project-held register matches 128 stations, subject to reconciliation.",4,"Primary-Care Access: physical, effective and registered",4.6,The facility stock,23.0,0,5,D04,"First contact, facilities and catchment",,553
LDS,TABLE 4,"First-contact infrastructure by municipality, ranked by population",4,"Primary-Care Access: physical, effective and registered",4.7,"Catchment adequacy against the 1:20,000 standard",23.0,41,10,D04,"First contact, facilities and catchment",,591
LDS,TABLE 5,The twelve most isolated municipalities,4,"Primary-Care Access: physical, effective and registered",4.8,Geographic isolation,25.0,12,8,D04,"First contact, facilities and catchment",,646
LDS,TABLE 5,"PhilHealth-accredited health care institutions, BARMM by province",5,Stage Three — Payment,5.2,The accreditation base,28.0,13,9,D06,"Payment, PhilHealth and financing","Note. Adapted from Philippine Health Insurance Corporation (2024), accredited health care institutions by province and type as of 31 July 2024. Counts are of accreditations, not distinct facilities — rural health units and Konsulta providers overlap in reality and are counted separately here. Lanao del Sur holds 24.8 percent of all BARMM accreditations and holds the region’s only Level III accredited hospital outside Cotabato City. The Integrated Provincial Health Office independently reports 36 of its 39 health units (92.3 percent) as YAKAP-accredited, 30 (76 percent) with maternity care and 28 (71 percent) with TB-DOTS (International Organization for Migration, 2026a).",704
LDS,EXHIBIT 8,"PhilHealth in Lanao del Sur: 291,084 registered, 6,250 seen",5,Stage Three — Payment,5.3,Registration without utilization,29.0,0,5,D06,"Payment, PhilHealth and financing",,739
LDS,TABLE 6,The eleven licensed hospitals of Lanao del Sur,6,Stage Four — Referral,6.1,The hospital stock and its geography,31.0,12,6,D07,Referral and inpatient capacity,,775
LDS,TABLE 6A,Licensed bed capacity by facility class and ownership,6,Stage Four — Referral,6.1,The hospital stock and its geography,31.0,7,6,D07,Referral and inpatient capacity,"Note. Compiled from the project-held DOH/HFSRB facility register against the 2024 census population of 1,368,137 (Philippine Statistics Authority, 2025c). Three of the 43 birthing-home records carry no bed value and 40 of the 44 rural health units carry none, so the total should be read as a floor rather than as a complete inventory. The reports use the acute inpatient basis of 0.75 per 1,000 where a single figure is required, and state the basis wherever a bed ratio appears.",795
LDS,TABLE 7,The FHSIS apparatus at municipal level,7,Stage Five — Follow-Up and the Record,7.2,The FHSIS apparatus,34.0,8,3,D08,"Routine reporting, FHSIS and civil registration","Note. Adapted from Ministry of Health–Bangsamoro Autonomous Region in Muslim Mindanao (n.d.) — a unit-and-resourcing survey returned by 24 Lanao del Sur local government units and scored for 27, and a reporting-performance assessment covering 33 rural health units — and from the Integrated Provincial Health Office health-systems map in International Organization for Migration (2026a). Two fields in the assessment, the data-quality score and the staffing score, are identical for all 27 Lanao del Sur units and appear to be constants rather than measurements; they are not used in this report.",850
LDS,(unlabelled),Beneath the service statistics lies a measurement constraint that bears on every rate in this document.,7,Stage Five — Follow-Up and the Record,7.3,Civil registration and the invisible denominator,35.0,0,5,D08,"Routine reporting, FHSIS and civil registration",,870
LDS,EXHIBIT 10,Five divergences between the administrative record and independent measurement,8,The Reconciliation,,,36.0,5,4,D09,Reconciliation and divergences,"Note. Sources as cited in Sections 3 to 7. Sample sizes are stated wherever a survey estimate rests on fewer than 250 unweighted cases (Philippine Statistics Authority & ICF, 2023).",900
LDS,TABLE 8,Legal obligations engaged by the findings,9,Governance and Legal Framework,,,38.0,9,4,D10,Governance and legal framework,"Note. Statutory titles, numbers and dates were verified against the Official Gazette, the Supreme Court E-Library and the published text of the Bangsamoro Parliament. Two verification caveats are carried: the enactment date of the Bangsamoro Local Governance Code (2023) could not be confirmed from a primary source — parliamentary approval on 28 September 2023 and publication in January 2024 are documented — and the effectivity date of the Local Government Code (1991) was not confirmed from the text retrieved. The substantive provisions of the Bangsamoro Local Governance Code summarized here are drawn from the project’s EBDM module materials and should be read against the published instrument before any ordinance is drafted on their basis.",925
LDS,EXHIBIT 11,Sequencing: what must be true before the next thing can work,10,"Priorities: sequencing by stage, not by sector",,,40.0,7,4,D11,Priorities and sequencing,"Note. Actions 1, 2 and 7 require no capital and can begin immediately; actions 1 and 2 are the substance of the ninety-day program in Section 11. Actions 3 and 4 are low-cost and high-certainty. Actions 5 and 6 are the capital program and are sized in Section 12.",952
LDS,TABLE 9,The validation program,11,Provincial Validation Program,,,42.0,4,5,D11,Priorities and sequencing,"Note. Capital funding is not required for any of the outlined initiatives. Tasks 1, 2, and 7 comprise analytical steps; Tasks 3, 4, and 5 deal with administrative implementation; and Task 6 mirrors previous programmatic interventions deployed during the workshop series. Initiation of the broader strategic development plan is contingent upon the successful validation of Tasks 1 and 2.",977
LDS,EXHIBIT 12,Volumetrics for the two-year program,12,"Two-Year Investment Logic, 2026–2028",12.1,Volumetrics,43.0,0,5,D12,Investment logic and volumetrics,,1005
LDS,(unlabelled),| 305geographically isolatedbarangays |,12,"Two-Year Investment Logic, 2026–2028",12.1,Volumetrics,43.0,0,5,D12,Investment logic and volumetrics,,1017
LDS,TABLE 10,"Two-year program: volumetrics, sequencing and financing route",12,"Two-Year Investment Logic, 2026–2028",12.2,The program,43.0,9,6,D12,Investment logic and volumetrics,"Note. Financing routes are named from the sources the local government units themselves cite in their two-year plans (International Organization for Migration, 2026a) and from the standing fiscal instruments established by Mandanas v. Ochoa (2018) and the Local Government Code (1991). Each plan action should be routed through the Local Investment Plan for Health, the Annual Investment Program and Sanggunian appropriation, with a specific appropriation line and amount attached. Eighty percent of actions carrying both is the benchmark proposed for the next review.",1033
LDS,ANNEX A,"Population values reconcile to the PSA 2024 Census provincial total of 1,368,137. Barangay counts in this annex sum to the 1,159 routeable 2020 model geography and must not be presented as the current administrative total; PSA currently lists 1,164 barangays. Shaded rows identify municipalities with no station matched in the project-held register. Empty cells indicate no reported figure, not zero.",A,"Annex A — Municipal master table, 40 local government units",,,49.0,41,21,D14,"Annexes, master tables and gap registers","Note. Column sources. Population and district: Philippine Statistics Authority 2024 Census and PSGC. The annex barangay column preserves the 1,159-node 2020 model geography; current administrative coverage uses 1,164 barangays and requires a five-barangay crosswalk. GIDA is the 2022 source classification. Facilities and beds are derived from the project-held DOH/HFSRB register, which appears incomplete and may understate stations. Scorecard indicators are unweighted municipal values unless stated otherwise; fully immunized child and facility delivery are from 2021 and 2018, respectively, and all others from 2022. Tuberculosis detection is a notification-to-national-incidence proxy, not a subnational incidence estimate. Six municipal immunization values above 100 per cent identify denominator defects.",1145
LDS,ANNEX B,"Modeled physical access on the central 30-minute multimodal scenario, the readiness evidence available for each municipality, and the resulting planning tier. Tiers sequence validation and planning; they do not authorize capital construction. Population is the GeoRisk/PSA 2020 modeled base, which is the base on which the model runs; it is not the 2024 census figure used elsewhere in this report.",B,Annex — Municipality access and evidence tiers,,,51.0,41,6,D14,"Annexes, master tables and gap registers","Note. Adapted from International Organization for Migration (2026b). Tier 1 — sixteen municipalities at or above ten percent modeled unserved population: field-validate routes and settlements, then interim outreach and transport, then site-specific capital only where a residual gap survives. Tier 2 — eight municipalities where readiness rather than distance is the constraint: repair, staffing, equipment, cold chain, accreditation, medicines, connectivity and referral before new construction. Tier 3 — sixteen municipalities where the first task is to complete readiness, route and identity evidence and correct registry and source gaps. No municipality currently qualifies for a monitor-and-sustain tier. Four municipalities have no local readiness source of any kind — Butig, Calanogas, Lumbatan and Lumbayanague. Bumbaran is the pre-2019 name of Amai Manabilang and is a single municipality.",1196
LDS,ANNEX C,"The following items could not be obtained. Each is recorded with the office from which it should be requested. In a province where no municipality-level health outcome data is available in any public source, the gap register is more appropriately read as a work program for data development.",C,Annex C — Evidence gap register,,,53.0,16,4,D14,"Annexes, master tables and gap registers",,1250
MDN,(unlabelled),# 1 Executive Summary,1,Executive Summary,,,4.0,0,7,D01,Executive summary and headline panels,,162
MDN,(unlabelled),"| 741,428residents in the twelvemunicipalities, 2024 Census | | 221barangays | | 178registered barangayhealth stations | | 12rural health units |",1,Executive Summary,,,4.0,0,7,D04,"First contact, facilities and catchment",,168
MDN,EXHIBIT 1,"The five stages, and what fails at each one",1,Executive Summary,,Seven findings,4.0,5,4,D01,Executive summary and headline panels,"Note. Each claim is evidenced in the section indicated. Adapted from Philippine Statistics Authority (2025c); Philippine Statistics Authority and ICF (2023); Department of Health (n.d.-a, 2026); Philippine Health Insurance Corporation (2024); World Bank (2020); Ministry of Health–BARMM (2025); and International Organization for Migration (2026).",204
MDN,TABLE 1,Completion of required worksheet outputs across the cohort,2,"Program, Scope, Evidence and Method",,,8.0,4,4,D02,"Evidence base, scope and method",,245
MDN,TABLE 2,The five evidence layers and what each can carry,2,"Program, Scope, Evidence and Method",2.1,The five evidence layers,8.0,5,5,D02,"Evidence base, scope and method",,261
MDN,(unlabelled),"## 2.3 What the workshop record establishes, and what it cannot carry",2,"Program, Scope, Evidence and Method",2.3,"What the workshop record establishes, and what it cannot carry",8.0,0,2,D02,"Evidence base, scope and method",,285
MDN,TABLE 3,"What the evidence establishes, and does not establish, about disease burden",3,Stage One — The Illness,3.1,What can and cannot be said about cause of death in this province,11.0,5,3,D03,Disease burden and service coverage,"Note. Compiled for this report. This table is the substitute for the leading-cause table that a provincial diagnostic would ordinarily open with, and its purpose is to prevent that table from being invented. The corresponding evidence requests are itemised in Annex C, items 1 to 4.",313
MDN,EXHIBIT 2,"Adults risk-assessed under PhilPEN, by municipality",3,Stage One — The Illness,3.2,"The non-communicable disease profile, and the readiness that is not used",11.0,12,12,D03,Disease burden and service coverage,"Note. Derived from Department of Health (n.d.-a), 2022 indicator year, twelve municipalities of Maguindanao del Norte. The provincial figure quoted in text is the unweighted mean of the twelve municipal values (2.47 per cent); the scorecard supplies no population weights. Municipalities shown in accent record coverage below one per cent. The City of Cotabato, not shown, records 6.45 per cent. The Lanao del Sur comparator is the corresponding provincial figure from the same dataset. The complement is the operative figure: on these returns, roughly ninety-seven and a half per cent of adults in this province have never been screened for the conditions that are its leading reported cause of death.",336
MDN,EXHIBIT 3,Maguindanao had the best facility readiness in BARMM and the worst vaccination history,3,Stage One — The Illness,3.3,The child-survival signature,11.0,7,12,D03,Disease burden and service coverage,,366
MDN,EXHIBIT 4,"Tuberculosis notification against expected incidence, by municipality",3,Stage One — The Illness,3.4,The municipal evidence environment,11.0,12,12,D03,Disease burden and service coverage,"Note. Derived. Notified cases apply the municipal tuberculosis case notification rate (Department of Health, n.d.-a, 2022 indicator year) to the 2024 census population (Philippine Statistics Authority, 2025c); expected incident cases apply the WHO-estimated Philippine incidence of 625 per 100,000 (World Health Organization, 2025) to the same population. Provincial aggregate: approximately 1,285 notified against approximately 4,634 expected, a detection ratio of 27.7 per cent. Three cautions attach. A national incidence rate applied to a provincial population establishes order of magnitude only, and the WHO estimate carries a 95 per cent uncertainty interval of 344 to 1,020 per 100,000. A 2022 notification rate is applied to a 2024 population. And the municipal spread of 70.3 to 303.6 per 100,000 — a fourfold range, against the eighteenfold range recorded in Lanao del Sur — is narrow enough that it measures case-finding effort rather than disease distribution. The City of Cotabato, not shown, notifies at 714.6 per 100,000, more than twice the highest municipal rate; that is an attribution artefact of city facilities notifying cases resident elsewhere and is a reason not to fold the city into provincial tuberculosis planning.",391
MDN,(unlabelled),"Section 17(b)(1)(ii) of the Local Government Code of 1991 assigns the maintenance of the barangay health centre to the barangay, and Section 17(b)(2)(iii) assigns primary health care, maternal and child care and communicable and non-communicable disease control to the municipality. The national planning benchmark applied to that assignment is one barangay health station per barangay and one rural health unit per 20,000 population (World Bank, 2020, p. 130).",4,Stage Two — First Contact,4.1,"The denominator: 221 barangays, 178 registered stations",16.0,0,7,D04,"First contact, facilities and catchment",,433
MDN,EXHIBIT 5,Forty-six of 221 barangays have no registered health station,4,Stage Two — First Contact,4.1,"The denominator: 221 barangays, 178 registered stations",16.0,11,12,D04,"First contact, facilities and catchment","Note. Derived. Barangay counts from the Philippine Standard Geographic Code (Philippine Statistics Authority, 2025b); station counts and their barangay assignment from the project-held DOH/NHFR facility extract (Department of Health, 2026). Three same-barangay station pairs within the twelve municipalities were resolved to single barangays before counting — in Parang, Barira and Kabuntalan — including Parang’s “CABUAN” and “KABUAN” records, which are almost certainly one facility recorded twice. Three further pairs sit in the City of Cotabato and are outside the provincial count. Registry incompleteness is disclosed and is material in the other direction as well: the workshop record maps 207 service locations across the same twelve municipalities against 224 registry records, so the true station count is a floor rather than a complete inventory. The City of Cotabato, not shown, records thirty-nine stations across thirty-six of its thirty-seven barangays.",447
MDN,TABLE 4,"First-contact infrastructure by municipality, ranked by population",4,Stage Two — First Contact,4.1,"The denominator: 221 barangays, 178 registered stations",16.0,14,10,D04,"First contact, facilities and catchment","Note. Population and barangay counts from Philippine Statistics Authority (2025b, 2025c); the twelve municipal values reconcile exactly to 741,428 and to 221 barangays. Facility counts from the project-held DOH/NHFR extract (Department of Health, 2026). No BHS is the barangay count less the count of distinct barangays carrying at least one registered station. Pop/RHU is derived; because every municipality carries exactly one registered unit it equals the municipal population. Labs counts registered clinical, drug-testing and COVID-19 testing laboratories. Shaded rows are the seven municipalities with three or more barangays carrying no registered station; together they account for 40 of the 46. Beds and Labs are printed as zeros because they are measured zeros, not unreported fields.",466
MDN,EXHIBIT 6,"Population per rural health unit against the 1:20,000 standard",4,Stage Two — First Contact,4.2,"The rural health unit against the 1:20,000 standard",16.0,12,12,D04,"First contact, facilities and catchment","Note. Derived. The 2024 census municipal population (Philippine Statistics Authority, 2025c) divided by the count of registered rural health units (Department of Health, 2026). Because every municipality carries exactly one registered unit, the ratio equals the municipal population. Eleven of twelve municipalities exceed the standard, covering 97.3 per cent of the province; Talitay alone falls within it. Seven municipalities exceed the standard by a factor of two or more, and four by a factor of three or more. Two distinct constraints are visible and require two distinct instruments: in Datu Odin Sinsuat, Sultan Kudarat, Parang and Upi the binding constraint is capacity and the instrument is unit augmentation; in Kabuntalan, Northern Kabuntalan and Talitay the binding constraint is distribution and the instrument is station construction. The City of Cotabato, not shown, carries 383,383 residents against one registered unit, which is on its face implausible and is treated in Section 4A.",498
MDN,EXHIBIT 7,Where births actually happen: the administrative record against the survey,4,Stage Two — First Contact,4.5,Childbirth: the twenty-point gap and the eighteen-point municipality,16.0,4,12,D04,"First contact, facilities and catchment","Note. Administrative figures are the twelve-municipality unweighted mean and the municipal extremes from Department of Health (n.d.-a), 2018 indicator year — the last year in which the LGU Health Scorecard carried this indicator. The survey figure is the BARMM regional estimate from Philippine Statistics Authority and ICF (2023), two years preceding the survey, 345 unweighted births. The Matanog figure is that municipality’s own 2025 FHSIS return as transcribed in its Worksheet 2 submission (International Organization for Migration, 2026). The three do not share a denominator and are not alternative estimates of the same quantity; they are printed together because the decision they inform — whether to design for a facility-delivery majority — turns on which is closer to current reality, and the two most recent measurements both say it is not.",550
MDN,TABLE 5,The province with and without the City of Cotabato,4A,The Cotabato City Correction,,,21.0,9,4,D02,"Evidence base, scope and method","Note. Facility, bed and diagnostic counts from the project-held DOH/NHFR extract (Department of Health, 2026); population and barangays from Philippine Statistics Authority (2025b, 2025c); accreditation from Philippine Health Insurance Corporation (2024), which is the one source in this evidence base that reports the city separately from the province throughout. The bed ratio row is the operative one: on the published provincial geography Maguindanao del Norte records 0.78 beds per 1,000 and appears comparable to Maguindanao del Sur; on the geography it actually governs it records 0.49, below Lanao del Sur and above only Basilan.",576
MDN,EXHIBIT 8,What Cotabato City is worth to the provincial averages,4A,The Cotabato City Correction,,,21.0,7,12,D02,"Evidence base, scope and method",,595
MDN,TABLE 6,"PhilHealth-accredited health care institutions, BARMM by province",5,Stage Three — Payment,5.2,The accreditation base,22.0,13,9,D06,"Payment, PhilHealth and financing","Note. Adapted from Philippine Health Insurance Corporation (2024), accredited health care institutions by province and type as of 31 July 2024. Counts are of accreditations, not distinct facilities — rural health units and Konsulta providers overlap in reality and are counted separately here. The “other packages and laboratories” row consolidates animal-bite treatment centres, hospital TB-DOTS, HIV hubs, outpatient malaria packages, ambulatory surgical clinics, Z-benefit packages, catastrophic isolation units and RT-PCR laboratory accreditations. Every row and column of the source table reconciles exactly to its printed totals. Cotabato City is reported by PhilHealth as a separate column and is not included in the Maguindanao del Norte figure, which is the correct treatment and the one adopted throughout this report. The thirteen accredited rural health units against twelve registered units is a discrepancy of record and is carried here because it is what the source states; it should be resolved before an accreditation rate is published.",640
MDN,EXHIBIT 9,"PhilHealth in Maguindanao del Norte: 312,635 members, 19 Konsulta providers",5,Stage Three — Payment,5.3,The conversion rate the province cannot compute,22.0,1,7,D06,"Payment, PhilHealth and financing",,673
MDN,TABLE 7,The twelve licensed hospitals and infirmaries of Maguindanao del Norte,6,Stage Four — Referral,6.1,The hospital stock and who owns it,25.0,14,6,D07,Referral and inpatient capacity,"Note. From the project-held DOH/NHFR facility extract (Department of Health, 2026). Service capability is null for all three infirmary records in the source and is reported here by facility class. Two caveats attach to the licence column. First, every licence date in the extract has passed except that of the Cotabato Sanitarium; this is more plausibly interpreted as a stale registry snapshot taken before the 2026 renewal cycle than as a province of unlicensed hospitals, and it must be verified against current DOH-HFSRB records before publication in any external document. It is carried here because it is what the register states. Second, the Datu Blah T. Sinsuat District Hospital is registered in the municipality of Upi, not in the municipality for which it is named; the assignment should be confirmed before the facility is placed on any referral map. Birthing homes add a further 46 beds across the twelve municipalities and are excluded from this table.",715
MDN,EXHIBIT 10,Fifty-six per cent of the province’s beds sit in a national leprosarium,6,Stage Four — Referral,6.2,Eight municipalities with no inpatient bed,25.0,6,12,D07,Referral and inpatient capacity,"Note. Licensed hospital and infirmary bed complement from the project-held DOH/NHFR facility extract (Department of Health, 2026); birthing-home beds are excluded. The Cotabato Sanitarium and General Hospital holds 55.6 per cent of the province’s licensed beds. It is a Department of Health–retained institution established as a leprosarium; it is not a provincial or municipal asset and its admission policy is not set by the province. A further 16.7 per cent sits in two Department of National Defense camp hospitals whose access arrangements for civilians are not documented in any source available to this report. The practical consequence is that of 360 beds nominally available to residents of this province, the beds whose use the Bangsamoro Government can direct number twenty-five. Establishing written access arrangements for the remaining 335 — with the Department of Health, the Department of National Defense and the two district hospitals recorded under national-government sub-classification — costs nothing and is Task 4 of Section 11.",745
MDN,TABLE 8,The FHSIS apparatus at municipal level,7,Stage Five — Follow-Up and the Record,7.2,"The FHSIS apparatus: the region’s strongest, and what that means",28.0,9,3,D08,"Routine reporting, FHSIS and civil registration","Note. Adapted from Ministry of Health–Bangsamoro Autonomous Region in Muslim Mindanao (2025), rural health unit assessment, fieldwork 26 November to 17 December 2025, 68 units across four BARMM areas. Denominators are eleven of twelve municipalities; Sultan Mastura’s submission exists in the raw export but its municipality field records “Sultan Kudarat (Nuling)” while its unit name records “Sultan Mastura,” and it was dropped as a duplicate. Two scored fields — the staffing score and the data-quality score — take an identical value for all 68 units in the region and are constants rather than measurements; they are reported here as the systemic findings they are and are not used in any comparison. Northern Kabuntalan’s blank timeliness and indicator fields are scored as “no report” in the source pivots, which converts a non-response into a zero; its resulting score of 0.30 is a reporting artefact and is not treated as a performance finding.",801
MDN,(unlabelled),## 7.3 Civil registration and the invisible denominator,7,Stage Five — Follow-Up and the Record,7.3,Civil registration and the invisible denominator,28.0,0,7,D08,"Routine reporting, FHSIS and civil registration",,820
MDN,EXHIBIT 11,Five divergences between the administrative record and independent measurement,8,The Reconciliation,,,30.0,5,4,D09,Reconciliation and divergences,"Note. Sources as cited in Sections 3 to 7. Sample sizes are stated wherever a survey estimate rests on fewer than 250 unweighted cases (Philippine Statistics Authority & ICF, 2023). Figures attributed to the 2019 household survey and the 2017 readiness assessment refer to the undivided province of Maguindanao and are so labelled throughout.",848
MDN,TABLE 9,Legal obligations engaged by the findings,9,Governance and Legal Framework,,,32.0,9,4,D10,Governance and legal framework,"Note. One correction of record is carried here. Sections 114 to 117 of the Bangsamoro Local Governance Code are the local health boards provisions; the phrase “Special Health Fund” does not appear anywhere in Bangsamoro Autonomy Act No. 49. The Special Health Fund is created by Section 20 of Republic Act No. 11223, a national statute. Any statement attributing the fund to the Bangsamoro Code — including in earlier provincial diagnostics in this series — should be corrected. A second correction concerns the catchment standard. The one-per-20,000 ratio in the DOH Manual of Standards for Primary Care Facilities is a physician staffing ratio drawn from the National Objectives for Health 2017–2022. Neither RA 7160 nor RA 11223 contains a facility-count standard, and neither should be cited for one; the facility target used in Section 4.2 is that stated in World Bank (2020, p. 130).",877
MDN,EXHIBIT 12,Sequencing: what must be true before the next thing can work,10,"Priorities: sequencing by stage, not by sector",,,34.0,7,4,D11,Priorities and sequencing,"Note. Actions 1, 2, 4 and 7 require no capital and can begin immediately; actions 1, 2 and 5 are the substance of the ninety-day programme in Section 11. Action 3 is low-cost and high-certainty and appears already in the improvement plans of five of the twelve municipalities. Action 6 is the capital programme and is sized in Section 12. The ordering is by dependency, not by importance: action 6 is the largest and most visible, and it is sixth because the register that would site it and the readiness evidence that would specify it do not yet exist.",908
MDN,TABLE 10,The ninety-day validation program,11,Ninety-Day Provincial Validation Program,,,35.0,7,5,D11,Priorities and sequencing,"Note. Capital funding is not required for any of the outlined tasks. Tasks 1, 2, 6 and 7 are analytical; Tasks 4 and 5 are administrative; Task 3 is a field exercise mirroring the enumeration already conducted during the workshop series. Initiation of the capital component of the two-year programme in Section 12 is contingent on the completion of Tasks 1 and 3, which together establish which of the 46 unserved barangays require construction and which require rehabilitation of an existing self-help structure.",935
MDN,EXHIBIT 13,Volumetrics for the two-year program,12,"Two-Year Investment Logic, 2026–2028",12.1,Volumetrics,36.0,2,5,D12,Investment logic and volumetrics,,964
MDN,TABLE 11,"Two-year program: volumetrics, sequencing and financing route",12,"Two-Year Investment Logic, 2026–2028",12.2,The program,36.0,9,6,D12,Investment logic and volumetrics,"Note. Financing routes are named from the sources the municipalities themselves cite in their two-year plans (International Organization for Migration, 2026) and from the standing fiscal instruments established by Mandanas v. Ochoa (2018), the Local Government Code (1991) and the Bangsamoro Organic Law’s Special Development Fund. Each plan action should be routed through the Local Investment Plan for Health, the Annual Investment Program and Sanggunian appropriation, with a specific appropriation line and amount attached. Eighty per cent of actions carrying both a named appropriation line and an amount is the benchmark proposed for the next review; the current provincial position is that no plan action in the entire evidence base carries a peso figure.",988
MDN,TABLE 12,Provincial monitoring indicators,13,Monitoring Framework,,,38.0,20,5,D13,Monitoring indicators,"Note. Baselines are as established in Sections 3 to 7 of this report and inherit the qualifications stated there. Six of the fifteen indicators have no present measured value. That is the intended design: an indicator whose first result is a baseline is more useful than an indicator whose baseline is an artefact. Targets are proposed for discussion by the Provincial Health Board and are not commitments of the Ministry, the programme or its partners. No target is proposed for any indicator whose measurement depends on a data request that has not yet been granted, other than that the request be granted and the measurement begin.",1019
MDN,ANNEX A,"All figures from official sources. Population and barangay counts reconcile exactly to the PSA 2024 Census provincial total of 1,124,811 less the City of Cotabato’s 383,383, and to 221 barangays. The City of Cotabato is printed below the provincial row and is excluded from every provincial total in this report. Shaded rows are the eight municipalities with no inpatient bed of any class. An em-dash in the Beds and Diag columns is a measured zero; an em-dash in the glyph columns indicates no reported figure.",A,"Annex A — Municipal master table, twelve local government units",,,41.0,14,21,D14,"Annexes, master tables and gap registers","Note. Column sources. Pop 2024, Brgys — Philippine Statistics Authority (2025b, 2025c); the twelve municipal values reconcile exactly to 741,428 and to 221 barangays. RHU, BHS, No BHS, Hosp, Beds, Diag — project-held DOH/NHFR facility extract (Department of Health, 2026); the register is incomplete, licensing status is null for three-quarters of records, and eleven rural health unit birthing annexes are typed as independent facilities; these counts are a floor. No BHS is the barangay count less the count of distinct barangays carrying at least one registered station. Pop/RHU is derived; because every municipality carries exactly one registered unit, it equals the municipal population. FIC, FBD, TB CNR, PEN, Stunt, Water, LHB, ESU, DRR — Department of Health (n.d.-a); indicator years differ by column: facility-based delivery is the 2018 indicator year, the last in which the scorecard carried it, and all others are the 2022 indicator year. TB det % is derived as the notification rate divided by the WHO-estimated Philippine incidence of 625 per 100,000 (World Health Organization, 2025). LHB, ESU, DRR are binary scorecard flags rendered ● = yes, ○ = no, — = not reported; the PROVINCE row renders them as fractions. EBDM records participation in the 2026 workshop cycle; all twelve municipalities participated, the only complete provincial cohort in the programme. There is no GIDA column. No geographically isolated and disadvantaged area determination for this province could be obtained from the Department of Health or MOH-BARMM; the gap is recorded as item 5 of Annex C and is not estimated. No municipality in this province reports immunization coverage above 100 per cent, which distinguishes it from its neighbours and indicates that its denominators are internally plausible even where its levels are contested.",1087
MDN,ANNEX B,"The readiness evidence available for each municipality and the resulting planning tier. Tiers sequence validation and planning; they do not authorise capital construction. Population is the PSA 2024 Census. The tier assignment rests on three official-source variables — unserved barangays, catchment excess above the 20,000 planning standard, and the absence of inpatient and diagnostic capacity — and on none of the derived scores in the workshop record.",B,Annex B — Municipality evidence tiers and planning sequence,,,42.0,13,8,D14,"Annexes, master tables and gap registers","Note. Derived for this report from Philippine Statistics Authority (2025b, 2025c), the project-held DOH/NHFR facility extract (Department of Health, 2026), Ministry of Health–BARMM (2025) and International Organization for Migration (2026). Tier 1 — access and capacity: nine municipalities carrying three or more unserved barangays or a population above 100,000. Field-validate the unserved barangays, then station construction and rural health unit augmentation. Tier 2 — readiness: three municipalities — Barira, Matanog and Sultan Mastura — where the station network is substantially complete but the municipality holds no bed and no laboratory; the constraint is referral and readiness rather than first contact, and the instruments are the service-delivery network document and the cold-chain condition survey. No municipality in this province qualifies for a verification tier on the strength of a completed evidence base, and none qualifies for a monitor-and-sustain tier. Three municipalities carry an incomplete evidence position: Northern Kabuntalan filed only a facility inventory and is absent from the consolidated dashboard; Sultan Mastura is missing from every FHSIS pivot because its record is mis-keyed; and Parang filed a facility inventory resolving to a single municipality-wide record. Their apparent positions in any derived scoring are artefacts of reporting and are not treated as performance findings.",1115
MDN,ANNEX C,"The following items could not be obtained. Each is recorded with the office from which it should be requested. In a province created in 2022 and not yet carried as a separate reporting unit in most national datasets, the gap register is more appropriately read as a work programme for data development than as a list of omissions.",C,Annex C — Evidence gap register,,,43.0,16,4,D14,"Annexes, master tables and gap registers",,1142
MDS,(unlabelled),# 1 Executive Summary,1,Executive Summary,,,4.0,0,4,D01,Executive summary and headline panels,,184
MDS,(unlabelled),"| 813,243residents, 2024 Census | 287barangays | 222registered health facilities | 24rural health units — one per municipality |",1,Executive Summary,,,4.0,0,4,D04,"First contact, facilities and catchment",,190
MDS,EXHIBIT 1,"The five stages, and what needs to be checked at each one",1,Executive Summary,,Decisions required of provincial leadership,4.0,5,4,D01,Executive summary and headline panels,"Note. Each claim is evidenced in the section indicated. Compiled from Philippine Statistics Authority (2025a, 2025b); Philippine Statistics Authority and ICF (2023); Department of Health (n.d.); Philippine Health Insurance Corporation (2024); World Bank (2020); Ministry of Health–BARMM (n.d.); and International Organization for Migration (2026).",242
MDS,TABLE 1,Participation in the Maguindanao del Sur cycle,2,"Program, Scope, Evidence and Method",2.1,The program,8.0,3,5,D02,"Evidence base, scope and method",Note. Filing status is taken from the 22 files in the programme's Maguindanao del Sur worksheet folder (21 LGU workbooks and one template). Population and barangay counts are PSA 2024 Census and PSGC. Participation in this province is the second-highest in the programme after Maguindanao del Norte (12 of 12) and far above Lanao del Sur (16 of 40). The three non-filers are not marginal units: Gen. S.K. Pendatun holds the province's largest registered facility network (26) and complete barangay coverage; South Upi holds the province's second-largest population and a 25-bed municipal hospital.,265
MDS,TABLE 2,The five evidence layers and what each can carry,2,"Program, Scope, Evidence and Method",2.3,The five evidence layers,9.0,5,5,D02,"Evidence base, scope and method",,292
MDS,TABLE 3,"Two artefacts, one province",2,"Program, Scope, Evidence and Method",2.5,"The provincial evidence product, and why this report does not adopt it",10.0,6,3,D09,Reconciliation and divergences,,321
MDS,(unlabelled),"Twenty-one municipalities filed. Read as testimony rather than as arithmetic, that record is the only available source located for conditions at the point of service in this province, and several of its statements are specific, checkable and consistent with the official evidence.",2,"Program, Scope, Evidence and Method",2.6,What the workshop record does establish,11.0,0,2,D02,"Evidence base, scope and method",,348
MDS,TABLE 4,What can and cannot be stated about the provincial disease profile,3,Stage One — The Illness,3.1,What can and cannot be stated about disease in this province,12.0,5,4,D03,Disease burden and service coverage,"Note. A ranked cause table for a neighbouring province in this series was attributed to ""World Bank 2020, Table 41, p. 113."" That table does not exist: the string ""Table 41"" does not occur in the World Bank report, which numbers tables by chapter, and printed page 113 carries Table 5.22 on reasons for incomplete vaccination. The attribution should be corrected wherever it appears in the series.",366
MDS,EXHIBIT 2,Child deaths in BARMM fall after the first month rather than during it,3,Stage One — The Illness,3.2,The child-survival signature,12.0,0,2,D03,Disease burden and service coverage,"Note. Deaths per 1,000 live births, ten-year rates. Adapted from Philippine Statistics Authority and ICF (2023), Table 8.3, p. 135. Under-five mortality in the 2022 BARMM estimate was 28 per 1,000. Regional rates use a ten-year period and national comparators five years. The figures are historical and cannot, by themselves, establish under-ascertainment or the relative importance of obstetric and post-neonatal constraints. The 2022 survey used the regional frame then in force.",387
MDS,(unlabelled),"Section 17 of the Local Government Code devolves primary health care to the municipality, and national facility planning carries an expectation of one barangay health station per barangay. The PHFDP 2020 baseline measured the then-ARMM/BARMM footprint at 650 stations against 2,535 barangays, a ratio of 0.3 (Department of Health, 2020b). This is a historical planning baseline, not the current regional denominator. Maguindanao del Sur’s current comparison in this report uses its own PSA barangay count and the project-held station register, subject to reconciliation.",4,Stage Two — First Contact,4.1,The facility stock,16.0,0,4,D04,"First contact, facilities and catchment",,459
MDS,TABLE 5,The registered facility stock of Maguindanao del Sur,4,Stage Two — First Contact,4.1,The facility stock,16.0,7,5,D04,"First contact, facilities and catchment","Note. Project-held DOH/HFSRB facility register, Maguindanao del Sur extract, 222 records. Bed capacity is populated for all 222 rows. The register carries material metadata gaps: licensing status is null for 151 records and licence validity date for 160; 35 government facilities carry no government sub-classification and 38 of 39 private facilities no private sub-classification; 216 of 222 carry no service-capability value; one record is classified private and simultaneously carries a national-government sub-classification. Null licensing status means ""not in the licensing dataset"" and cannot be read as unlicensed.",467
MDS,TABLE 6,Childbirth measured twice,4,Stage Two — First Contact,4.5,Maternal and newborn services,18.0,4,3,D04,"First contact, facilities and catchment","Note. Administrative figures are municipal values from the DOH LGU Health Scorecard; means shown are unweighted unless numerators and denominators are provided. Facility delivery and skilled attendance end in 2018. The 2025 NDHS is the current regional benchmark for facility delivery at 68.6 per cent; the 2022 delivery and attendance values remain historical baselines. The administrative and survey series do not share a denominator, geography, method or year and are not a test of which reporting unit is correct.",531
MDS,TABLE 7,"PhilHealth-accredited health care institutions, BARMM by province",5,Stage Three — Payment,5.2,The accreditation base is the largest in the Bangsamoro,20.0,14,9,D06,"Payment, PhilHealth and financing","Note. Philippine Health Insurance Corporation (2024), accredited health care institutions by province and type as of 31 July 2024. Counts are of accreditations, not distinct facilities — a rural health unit accredited for TB-DOTS, maternity care and Konsulta appears in more than one row. All thirteen row totals and all seven area-column totals reconcile. Maguindanao del Sur holds 26.2 per cent of all BARMM accreditations, the largest single share.",581
MDS,TABLE 8,"Konsulta performance, BARMM, 2021 to May 2024",5,Stage Three — Payment,5.3,The measurement this province does not have,21.0,7,6,D06,"Payment, PhilHealth and financing","Note. Philippine Health Insurance Corporation (2024); Konsulta registrations 2021 to 27 May 2024, first patient encounters January to May 2024. Conversion is derived and understates the true rate, because the numerator covers five months and the denominator forty-one. The published table contains arithmetic inconsistencies in three columns: the provincial rows sum to 717,318 registrations against a stated total of 714,318 (an excess of exactly 3,000), to 37,951 first encounters against a stated 32,098 (an excess of 5,853, 18 per cent), and to ₱6,253,786 paid against a stated ₱6,253,788. Sulu is additionally recorded as paid more than it generated. Any BARMM Konsulta total quoted from this annex should carry this caveat.",618
MDS,TABLE 9,The six licensed hospitals and six infirmaries of Maguindanao del Sur,6,Stage Four — Referral,6.1,The hospital stock and its geography,24.0,13,7,D07,Referral and inpatient capacity,"Note. Project-held DOH/HFSRB facility register. All six infirmaries and three of the six hospitals are privately owned; the province's entire non-government acute inpatient capacity — 224 beds, 34.6 per cent of the acute total — sits outside public control and outside any contracting arrangement identified in this report. Amerol Birthing Home in Datu Paglas (6 beds, private) also carries an expired licence date. Nine further licensed facilities carry a null validity date.",679
MDS,TABLE 10,Licensed bed capacity by class and ownership,6,Stage Four — Referral,6.1,The hospital stock and its geography,24.0,7,6,D07,Referral and inpatient capacity,"Note. Derived from the project-held facility register against the 2024 census population. This report uses the acute inpatient basis of 0.80 per 1,000 where a single figure is required and states the basis wherever a bed ratio appears.",702
MDS,TABLE 11,"The condition of routine reporting, Maguindanao del Sur against the assessed areas",7,Stage Five — Follow-Up and the Record,7.2,The FHSIS apparatus,27.0,14,5,D08,"Routine reporting, FHSIS and civil registration","Note. Ministry of Health–BARMM FHSIS assessment. The file covers only Lanao del Sur, Maguindanao del Sur, Maguindanao del Norte and the Special Geographic Area; no BARMM-wide comparison is possible from it. Two municipalities have no FHSIS record: Datu Anggal Midtimbang has none, and Mamasapano's unit is filed under Mangudadatu, so provincial coverage is 22 of 24 rather than 24. Item denominators differ from the assessed base: the scored capacity file covers 22 Maguindanao del Sur units while the underlying survey master carries 24 rows for the province, of which 23 and 24 respectively answered the policy-issuance and budget items. Denominators are printed as recorded and should not be read as a single base. Three scoring defects apply to every unit in the region and cap the composite: the FHSIS-unit component is empty for all 68 scored units although every unit answered yes; the dissemination component is empty for all 68; and the data-quality component reads ""with issue"" for all 68 without exception, carrying no discriminating power.",765
MDS,EXHIBIT 6,Five divergences between the administrative record and independent measurement,8,The Reconciliation,,,29.0,5,4,D09,Reconciliation and divergences,"Note. Sources as cited in §§3 to 7. Sample sizes are stated wherever a survey estimate rests on fewer than 250 unweighted cases. All World Bank figures are undivided-Maguindanao values on 2017 and 2019 fieldwork, used as proxies under the rule at §2.4.",808
MDS,TABLE 12,Legal obligations engaged by the findings,9,Governance and Legal Framework,,,31.0,7,4,D10,Governance and legal framework,"Note. Statutory texts were verified against the published instruments: Republic Act No. 11550 (LawPhil transcription of the Official Gazette text and Supreme Court E-Library), Republic Act No. 11054, Republic Act No. 11223, and the 304-page published text of Bangsamoro Autonomy Act No. 49 (Bangsamoro Parliament, publication of 10 January 2024). Two corrections to citations used elsewhere in this series are carried here. First, the phrase ""Special Health Fund"" appears zero times in the Bangsamoro Local Governance Code; the Fund is created by Republic Act No. 11223, §20, a national statute, and the correct BARMM authority for provincial health system management is BAA 49, §512(II)(c)(8). Second, the 1:20,000 ratio in the DOH Manual of Standards for Primary Care Facilities is a physician staffing ratio, not a facility-count standard; the facility target used in this report is the one stated in World Bank (2020, p. 130). The implementing rules of BAA 49, required within three months of effectivity, were not obtained.",835
MDS,EXHIBIT 7,Sequencing: what should be in place before the next action can work,10,"Priorities: sequencing by stage, not by sector",,,33.0,7,4,D11,Priorities and sequencing,"Note. Actions 1, 2, 3, 5 and 7 require no capital and can begin immediately; actions 1, 2 and 3 are the substance of the ninety-day programme in §11. Action 4 is low-cost and high-certainty. Action 6 is the capital programme and is sized in §12.",858
MDS,TABLE 13,The validation programme,11,Provincial Validation Programme,,,34.0,8,5,D11,Priorities and sequencing,"Note. Tasks 1, 2, 3, 6 and 8 are analytical or administrative requests; Tasks 4 and 5 are administrative actions; Task 7 repeats an activity the programme has already delivered twenty-one times in this province. Initiation of the capital programme at §12 is contingent on completion of Tasks 1, 3, 5 and 6.",885
MDS,EXHIBIT 8,What the two-year programme should deliver,12,"Two-Year Investment Logic, 2026–2028",12.1,Volumetrics,35.0,1,4,D12,Investment logic and volumetrics,,913
MDS,TABLE 14,"Two-year programme: volumetrics, sequencing and financing route",12,"Two-Year Investment Logic, 2026–2028",12.2,The programme,35.0,8,6,D12,Investment logic and volumetrics,"Note. Financing routes are named from the sources the municipalities themselves cite in their two-year plans and from the standing fiscal instruments established by Mandanas v. Ochoa (2018) and the Local Government Code. Each plan action should be routed through the Local Investment Plan for Health, the Annual Investment Program and Sanggunian appropriation, with a specific appropriation line and amount attached.",931
MDS,(unlabelled),"On that basis the first tranche is the seven municipalities carrying seven or more uncovered barangays, of which two also carry the province's thinnest networks:",12,"Two-Year Investment Logic, 2026–2028",12.3,Allocation basis,36.0,8,6,D12,Investment logic and volumetrics,,957
MDS,ANNEX A,"Population and barangays: PSA 2024 Census and PSGC. Facilities and beds: project-held DOH/HFSRB register. Health indicators: DOH LGU Health Scorecard, 2022 indicator year except facility-based delivery (2018). ● filed an EBDM workbook; ○ did not file. No GIDA column appears, for the reason at §4.4.",,"Annex A — Municipal master table, twenty-four local government units",,,,25,20,D14,"Annexes, master tables and gap registers",,1061
MDS,ANNEX B,"How much is known about each municipality, and from which layers. ""Official"" denotes the census, scorecard and facility register, available for all 24. ""Workshop"" denotes the EBDM record. ""FHSIS"" denotes the MOH-BARMM reporting assessment.",,Annex B — Evidence position by municipality,,,,3,6,D14,"Annexes, master tables and gap registers",,1098
MDS,ANNEX C,"What is not known, why, and the exact source that would close it. Items are ordered by consequence for decision-making.",,Annex C — Evidence gap register,,,,16,4,D14,"Annexes, master tables and gap registers",,1113
SGA,(unlabelled),# 1. Executive Summary,1,Executive Summary,,,3.0,3,4,D01,Executive summary and headline panels,,114
SGA,EXHIBIT 1,"The five stages, and what fails at each one",1,Executive Summary,1.2,Seven findings,3.0,5,4,D01,Executive summary and headline panels,"Note. Compiled for this report from the sources cited at each stage. The stages are serial: an unaddressed constraint at an early stage blocks success at a later one. In this area the pattern differs from the rest of the series — Stage Two is substantially solved and Stages Three, Four and Five are substantially unbuilt, which is why the sequencing at Section 10 begins with entitlement rather than with construction.",145
SGA,TABLE 2,Completion of required worksheet outputs across the cohort,2,"Programme, Scope, Evidence and Method",2.1,Scope and the unit of analysis,6.0,5,4,D02,"Evidence base, scope and method","Note. Adapted from International Organization for Migration (2026a). The Special Geographic Area is a complete cohort, matched in this series only by Maguindanao del Norte. Eleven quality-control flags remain open, all of low severity: one duplicate-workbook resolution recorded against two source rows (Tugunan), two non-standard priority values (Kapalawan) and seven theme-mismatch notices. Completion of the instrument is not evidence of the condition it describes.",210
SGA,TABLE 1,The five evidence layers and what each can carry,2,"Programme, Scope, Evidence and Method",2.2,The five evidence layers,6.0,5,5,D02,"Evidence base, scope and method","Note. Compiled for this report. Layers are ordered by independence from the reporting unit, not by quality. No layer is discarded; each is used for what it can carry and is named wherever it carries a figure. Where Layers C and E disagree, both are printed (Table 6).",227
SGA,TABLE 3,What can and cannot be stated about disease in the Special Geographic Area,3,Stage One — The Illness,3.1,What is known about disease in the Special Geographic Area,8.0,10,4,D03,Disease burden and service coverage,"Note. Compiled for this report from World Bank (2020, pp. 83–120) and International Organization for Migration (2026a). This table replaces the leading-cause profile carried in the other diagnostics in this series. The absence of a cause profile for a population of 214,703 is itself the finding, and it is routed to Annex C rather than filled by estimation.",292
SGA,TABLE 4,"The six mother municipalities: the pre-transfer record, 2022",3,Stage One — The Illness,3.2,"The mother-municipality series: a ceiling, not a baseline",8.0,6,9,D03,Disease burden and service coverage,"Note. Adapted from Department of Health (n.d.), LGU Health Scorecard municipal dataset, 2022 indicator year, Region XII / Cotabato (North Cotabato). These are whole-municipality figures. The 63 transferred barangays are a subset of each, and the retained areas are on average the more accessible ones; the series is a ceiling on the pre-transfer condition of the transferred barangays, not a baseline for them. † Midsayap's health budget share is recorded as 427, which cannot be a percentage; it is printed as it appears and is not used. Pikit recorded a rural health unit and health centre catchment of 176,595 in the same year against a target of 20,000.",316
SGA,EXHIBIT 2,What the last survey to reach this territory found,3,Stage One — The Illness,3.3,What can and cannot be said at municipal level,8.0,12,4,D03,Disease burden and service coverage,"Note. Adapted from World Bank (2020, pp. 83–120). Four qualifications apply to every figure in this exhibit. The fieldwork was conducted in 2019, five years before the eight municipalities existed, and measures the population under Cotabato Province administration. The stratum was analysed without survey weights. Its published sampling-frame row (Table 5.1) describes 543 barangays and 313,578 households — the whole of Cotabato Province — rather than the 63 transferred barangays, so it cannot be established that all 13 sample barangays fall inside the area; the narrative nonetheless labels the stratum “the North Cotabato BARMM barangays” throughout. Figures are not disaggregable below the stratum. All are carried at Tier B.",344
SGA,EXHIBIT 3,Sixty-three of sixty-three barangays carry a service point,4,Stage Two — First Contact,4.1,Complete barangay coverage: the finding that inverts the series,13.0,1,4,D04,"First contact, facilities and catchment","Note. Derived. Barangay counts are those constituted by Bangsamoro Autonomy Acts Nos. 41–48 and confirmed in the Philippine Standard Geographic Code (Philippine Statistics Authority, 2025a): Pahamuddin 12, Tugunan 9, and seven each in the remaining six municipalities. Service points are the 66 facility records returned by the municipalities (International Organization for Migration, 2026a), distributed across all 63 barangays; Malidegao's Batulawan holds both the rural health unit and a station, and two records carry a location field that is a parse artefact rather than a barangay name. The regional comparator is World Bank (2020, pp. 130–131): “While the DOH-ARMM had established a standard of one BHS per barangay, just seven RHUs (5.7 percent) met this standard; 74 percent of RHUs had fewer than one BHS for every two barangays.” Coverage here means the physical presence of a service point. It does not mean staffing, equipment, opening hours, or entitlement to payment, and on the last of those the finding is uniform: none of the 66 is accredited. The six unregistered barangays are Barungis, Buliok and Bulol (Ligawasan) and Balong, Macabual and Macasendeg (Tugunan). Barangay names are given as the municipalities render them; the register spells three of them differently — Bagoenged as BAGOAINGUD, Gokotan as GOKOTON and Dungguan as DUNGUAN — and the variants were matched on inspection, not on string equality.",412
SGA,TABLE 5,"First-contact infrastructure by municipality, ranked by population",4,Stage Two — First Contact,4.2,"The facility stock, and the two registers that disagree",13.0,9,13,D04,"First contact, facilities and catchment","Note. Population and barangay counts from Philippine Statistics Authority (2025a), reconciling exactly to 214,703 and 63. Service points, facility type, cold chain and accreditation from International Organization for Migration (2026a), the municipalities' own enumeration. “Registered bgys” is the count of barangays carrying at least one entry in the DOH facility register (International Organization for Migration, 2026c); the six with none are Barungis, Buliok and Bulol in Ligawasan and Balong, Macabual and Macasendeg in Tugunan. Population per rural health unit is computed on the units the municipalities report operating; Kapalawan and Nabalawag report none, and the area figure of 35,784 divides the whole population by six. On the register's nine units the area figure is 23,856. Cold chain counts facilities recorded functional; six Nabalawag records carry no entry and are not counted as either. Accreditation is zero in every municipality and every class.",429
SGA,TABLE 6,"The two facility registers compared, and how each disagreement is treated",4,Stage Two — First Contact,4.2,"The facility stock, and the two registers that disagree",13.0,9,4,D04,"First contact, facilities and catchment",Note. Register figures compiled from International Organization for Migration (2026c); enumeration figures from International Organization for Migration (2026a). A third count — 105 rows — appears in the consolidated workbook and is not a facility count: 39 of those rows are blank merged-cell spacers in a single municipality's workbook and carry no value in any field (§2.5).,448
SGA,EXHIBIT 4,The missing tier,4,Stage Two — First Contact,4.3,The missing tier,13.0,8,5,D04,"First contact, facilities and catchment","Note. Register from International Organization for Migration (2026c); enumeration from International Organization for Migration (2026a). The area's entire licensed inpatient capacity is four beds in two private birthing homes — Akhirah Birthing Home, Manaulanan, Tugunan, and AMJ Paanakan, Fort Pikit, Malidegao — each recorded “With License” with a licence validity date of 31 December 2025. Two barangay health stations are recorded “Without License” and the remaining 64 records carry a null licensing status. The expired dates are more plausibly a stale registry extract than a lapsed licence and must be verified against current DOH-HFSRB records before external publication; they are carried here because they are what the register states. The Special Geographic Area appears nowhere in PhilHealth's return of 347 accredited health care institutions at 31 July 2024, which includes 58 hospitals (Philippine Health Insurance Corporation, 2024).",489
SGA,EXHIBIT 5,"Population per rural health unit against the 1:20,000 standard",4,Stage Two — First Contact,4.4,"Catchment adequacy, and the denominator defect",13.0,9,5,D04,"First contact, facilities and catchment","Note. Derived. Population from Philippine Statistics Authority (2025a). The target is the DOH-ARMM density reported at World Bank (2020, p. 130): “one RHU per 20,000 people and one BHS per barangay.” The same 1:20,000 figure is used in the source both as a facility-density target and as a physician staffing standard (World Bank, 2020, p. 132); it is applied here only as a facility target. On the register's nine units, five municipalities holding 142,833 residents — 66.5 per cent of the area — exceed the standard. On the municipalities' six, Kapalawan and Nabalawag (54,691 residents) have no unit at all. The requirement of eleven units is 214,703 divided by 20,000, rounded up. Which basis is correct is unresolved and is Task 3; both are carried because the difference determines whether the facility deficit is two units or five.",515
SGA,EXHIBIT 6,Six functional cold chains for sixty-three barangays,4,Stage Two — First Contact,4.6,Cold chain,13.0,9,5,D05,Cold chain and commodities,"Note. Adapted from International Organization for Migration (2026a). Six of 66 facilities, or 9.1 per cent, hold a functional cold chain. Six Nabalawag records carry no cold-chain entry at all; they are shown as unrecorded and are not counted as facilities without a cold chain. Three municipalities — Kapalawan, Old Kaabakan and Pahamuddin, holding 64,634 residents across 26 barangays — record none anywhere. The area's mean cold-chain score is 0.40 on the programme's 0–2 scale, against a BARMM mean of 0.61. Read with the measured full-vaccination rate of 3 per cent (Exhibit 2), this is a task of establishment rather than of rehabilitation. The regional figure of fewer than 5 per cent of facilities holding adequate refrigerator temperatures (World Bank, 2020, p. 141) derives from a 2017 survey that visited no facility in this territory and is not a measurement of the area.",556
SGA,TABLE 7,"PhilHealth-accredited health care institutions, BARMM by province, 31 July 2024",5,Stage Three — Payment,5.2,"Accreditation not evidenced in the supplied records, and what that may foreclose",19.0,19,9,D06,"Payment, PhilHealth and financing","Note. Adapted from Philippine Health Insurance Corporation (2024), Annex A, reproduced as printed. The Special Geographic Area does not appear in this return. It is not a column, it is not a row, and the document does not state where its 214,703 residents or its 66 facilities are counted. The return is dated three months after the area's ratification. The zero-accreditation finding for the area therefore rests on the municipalities' own uniform return of “No” across all 66 records (International Organization for Migration, 2026a), corroborated by the absence of any Special Geographic Area facility from this matrix. One caveat on the matrix itself: the source's merged header extracts as a single line and the column-to-province mapping is inferred; row and column sums verify (14+7+11+7+8+5+6 = 58; 86+52+91+47+31+14+26 = 347), but the province labels should be confirmed against the original layout before external publication.",601
SGA,EXHIBIT 7,Zero of three hundred and forty-seven,5,Stage Three — Payment,5.2,"Accreditation not evidenced in the supplied records, and what that may foreclose",19.0,1,4,D06,"Payment, PhilHealth and financing","Note. The International Organization for Migration (2026a) return records “No” across all 66 facility records, with no partial or programme-specific accreditation reported. The July 2024 PhilHealth regional return does not contain a printed Special Geographic Area line and does not state where its facilities or members are counted; its merged-header category mapping was reconstructed. These dated sources support the statement that accreditation is not evidenced in the supplied records. They do not conclusively establish current 2026 YAKAP status. Verify the official facility-level roster before publishing a categorical current total.",632
SGA,EXHIBIT 8,"Four estimates of the same revenue, and the amount collectible",5,Stage Three — Payment,5.3,"The ₱444,926,240 that cannot be earned",19.0,5,4,D06,"Payment, PhilHealth and financing","Note. Derived from the municipalities’ worksheets. The arithmetic corrections are reproducible, including Kadayangan’s recovered cells and the omitted 60 per cent factor in six municipalities. The census-based ₱218,997,060 result is not a revenue projection or an amount collectible. It is a gross scenario equal to 214,703 × 60 per cent × ₱1,700, assuming 60 per cent empanelment/first-patient-encounter completion and realization of the full per-capita amount. Accreditation, empanelment, service completion and performance conditions are not established. The figure should be used only as a sensitivity scenario for accreditation planning.",663
SGA,EXHIBIT 9,Every referral path leaves the jurisdiction,6,Stage Four — Referral,6.1,A referral chain that terminates outside the jurisdiction,23.0,8,3,D07,Referral and inpatient capacity,"Note. Adapted from International Organization for Migration (2026a). These are self-reported travel times to whatever facility each station regards as its next step, not modelled travel times to a defined service, and no cross-area access comparator exists in any package in this programme. They establish that most of the area is within an hour of the next step in its own chain; they do not establish that any part of the area is within an hour of a bed, a physician or a laboratory, and on the evidence of Exhibit 4 none of the 66 facilities is. One record reports no turnaround time and one records a value to which the parser could not attach a unit. The absence of a referral completion rate reflects the absence of measurement rather than a failure of service, and the report maintains the distinction because the two conditions call for different responses.",714
SGA,TABLE 8,The FHSIS apparatus at municipal level,7,Stage Five — Follow-Up and the Record,7.1,The FHSIS apparatus,25.0,10,3,D08,"Routine reporting, FHSIS and civil registration","Note. Adapted from Ministry of Health–Bangsamoro Autonomous Region in Muslim Mindanao (2025), a unit-and-resourcing survey conducted November–December 2025, and from International Organization for Migration (2026a). A hard “No report” against two units is a measurement of transmission, not of recording. No statement about the six unassessed municipalities is made or implied.",768
SGA,EXHIBIT 10,Two accounts of the same reporting performance,7,Stage Five — Follow-Up and the Record,7.2,The contradiction between the two reporting accounts,25.0,7,3,D09,Reconciliation and divergences,"Note. Adapted from International Organization for Migration (2026a) and Ministry of Health–Bangsamoro Autonomous Region in Muslim Mindanao (2025). The two accounts are not reconcilable as measurements of the same object and no attempt is made to reconcile them. A network can achieve internal transmission completely and external transmission not at all, and that is the most economical explanation of a 99.8 per cent internal figure alongside a “No report” external one. Treating the self-reported figure as evidence of adequate reporting would overstate the case; treating the “No report” finding as evidence that the area does not record its work would understate it. Six municipalities holding 169,941 residents have not been assessed, and no statement about them is made or implied.",798
SGA,EXHIBIT 11,Five divergences between the administrative record and the local record,8,The Reconciliation,,,27.0,5,4,D09,Reconciliation and divergences,"Note. Compiled for this report. The divergences do not run in one direction. The area’s self-reported process indicators run high; externally recorded structural indicators run at or near zero; and self-reported quantities also run high. Inpatient beds are corroborated by the project-held facility register. Accreditation and primary-care benefit status are not evidenced in the supplied dated records, but the Special Geographic Area is absent rather than expressly reported as zero in the July 2024 regional return. Those statuses require confirmation against the current official YAKAP facility-level roster before publication as current totals.",846
SGA,TABLE 9,Legal obligations engaged by the findings,9,Governance and Legal Framework,,,29.0,12,4,D10,Governance and legal framework,"Note. Statutory titles and numbers were verified against the accessible published texts of the Bangsamoro Parliament, the Bangsamoro Official Gazette and the Official Gazette of the Republic. The mapping is the author's and is offered as an aid to assigning responsibility; it is not a statutory cross-reference and does not substitute for legal advice. Three verification caveats are carried at §13.3: the verbatim text of Article XV of the Bangsamoro Organic Law was not retrieved and is not quoted; the Bangsamoro Official Gazette landing pages for Acts Nos. 43 and 44 render the municipality names differently from the Parliament's register; and the specific issuance governing licensure of primary care facilities in a devolved region was not obtained, which is why the licensing row names a function rather than a section.",881
SGA,EXHIBIT 12,Sequencing: what must be true before the next thing can work,10,"Priorities: sequencing by stage, not by sector",,,31.0,7,4,D11,Priorities and sequencing,"Note. Compiled for this report. Actions 1, 2, 5 and 7 require no capital and can begin immediately; Action 1 is Tasks 1 and 2 of the ninety-day programme at Section 11, Action 2 is Tasks 3 and 4, Action 5 is Task 5, Action 6 is Task 6 and Action 7 is Task 7. Action 3 is the highest-value action in the report and is conditional on Action 1. Action 4 is low-cost and high-certainty. Action 6 is the capital programme and is sized at Section 12. The order differs from the other diagnostics in this series because this area's constraint is entitlement rather than access: it has built the bottom of the pyramid completely and has none of the rest of it.",921
SGA,TABLE 10,The ninety-day validation programme,11,The Ninety-Day Validation Programme,,,33.0,7,5,D11,Priorities and sequencing,"Note. Compiled for this report. No task requires capital expenditure. Task 1 conditions every recurrent cost in Section 12; Task 2 conditions every accreditation-dependent figure; Task 3 conditions Tasks 5 and 6. Tasks 1, 2, 3 and 7 require action by regional or national bodies and cannot be completed by the municipalities alone; Tasks 4, 5 and 6 are substantially within municipal authority. The programme is structured for completion within ninety days of adoption.",958
SGA,EXHIBIT 13,Volumetrics for the two-year programme,12,"Two-Year Investment Logic, 2026–2028",12.1,Volumetrics,35.0,3,4,D12,Investment logic and volumetrics,"Note. Derived from Philippine Statistics Authority (2025a), International Organization for Migration (2026a, 2026c) and the target at World Bank (2020, p. 130). No peso amount is attached. No current MOH-BARMM or Health Facility Enhancement Program unit-cost schedule was available, and — more to the point in this area — until Tasks 1 and 2 are answered a costed envelope would be a costed envelope with no identified payer (§12). The quantities are stated so that costing becomes mechanical once schedules and a fiscal determination are supplied.",989
SGA,TABLE 11,"Two-year programme: volumetrics, sequencing and financing route",12,"Two-Year Investment Logic, 2026–2028",12.2,The programme,35.0,8,6,D12,Investment logic and volumetrics,"Note. Financing routes are named from the sources the eight municipalities themselves cite in their two-year plans (International Organization for Migration, 2026a) — municipal budget, MOH, SGADA, the Special Geographic Area field health office, barangay budget, PhilHealth, the General Appropriations Act of the Bangsamoro, the Special Development Fund, partner agencies and Member of Parliament support — and from the standing fiscal instruments identified at §5.4. Two routes ordinarily available to a Philippine municipality are omitted deliberately: the National Tax Allotment and the 20 per cent Development Fund computed on it, pending Task 1. Each component should be routed through the municipal investment plan for health, the Annual Investment Program and Sanggunian appropriation, with a specific appropriation line and amount attached. Components 3, 4 and 8 carry no or low capital cost and can begin on adoption.",1004
SGA,TABLE 12,Area monitoring indicators,12,"Two-Year Investment Logic, 2026–2028",12.2,The programme,35.0,12,5,D13,Monitoring indicators,"Note. Compiled for this report. Nine of the twelve baselines are zero, near zero, or not computable, and that is the intended property of the set. In an area with no statistical history, an indicator that moves off zero is a measurable result; an indicator expressed as a rate against an unvalidated denominator is not. Indicator 11 is retired once it reaches approximately 100 per cent. Indicators 1, 3, 5 and 8 are the four on which the two-year programme should be judged.",1022
SGA,ANNEX A,"Municipal master table, eight municipalities",,REFERENCES,,,,9,23,D14,"Annexes, master tables and gap registers","Note. Column sources. Act, PSGC, population and barangay counts: Bangsamoro Autonomy Acts Nos. 41–48 and Philippine Statistics Authority (2025a), 2024 Census of Population, reference date 1 July 2024. Barangays with a service point, service points, rural health units (own), barangay health stations, self-help structures, accreditation, cold chain, equipment readiness, composite, catchment, revenue, systems-map priority rows and plan actions: International Organization for Migration (2026a), the municipalities' own returns, unaudited. “Map rows H/M/L” counts the health-systems-map rows each municipality returned, by standardised priority; it is not a classification of the 66 priority-gap records, which carry no priority field. Registered barangays, rural health units (register) and beds: International Organization for Migration (2026c), the project-held DOH facility register. FHSIS: Ministry of Health–BARMM (2025) EBDM capacity index; an em dash denotes not assessed, not a score of zero.",1156
SGA,ANNEX B,Municipality structural completion and planning tiers,,REFERENCES,,,,9,7,D14,"Annexes, master tables and gap registers","Note. Compiled for this report. Tier 1 — structural completion: a tier of the network is absent or unregistered, so a resident's first or second point of contact does not exist in one of the two registers. Tier 2 — equipment: the network is complete and unequipped; the binding constraint is procurement and power. Tier 3 — verification: the network is complete and equipped to the area's median, and the constraint is that its own evidence cannot presently be relied on for allocation. No municipality qualifies for a monitor-and-sustain tier. Tiers are assigned on the most binding constraint; several municipalities sit in more than one and the full position is in the preceding columns. Nabalawag and Pahamuddin are the only municipalities with any external assessment, and both were recorded as submitting no report; their tier assignment rests on structural facts, not on that assessment.",1180
SGA,ANNEX C,Evidence gap register,,REFERENCES,,,,21,4,D14,"Annexes, master tables and gap registers",Note. Compiled for this report. Sixteen of the eighteen items are documents held by an identified office and retrievable by written request; two — items 3 and 10 — require field collection. None requires new research design.,1203
